{
  "weights": {
    "w_formal": 3.5012863911656513,
    "w_heuristic": 1.3775392539582982,
    "w_profit": 1.205819189577201,
    "w_exploit": 4.000015366672714,
    "bias": -0.4337356395967538
  },
  "metadata": {
    "final_loss": 0.687587,
    "final_accuracy": 0.5395,
    "final_brier_score": 0.237447,
    "epochs_run": 355,
    "training_samples": 152,
    "feature_importance": {
      "w_formal": 0.3472,
      "w_heuristic": 0.1366,
      "w_profit": 0.1196,
      "w_exploit": 0.3966
    },
    "converged": true,
    "duration_s": 0.056
  }
}