{
  "consciousness": {
    "latest_metrics": {
      "timestamp": "2026-01-16T20:05:17.302115",
      "phi": 0.5114756439695195,
      "complexity": 3,
      "coherence": 0.0,
      "level": 0.33073782198475976
    }
  }
}