{
  "ts": "2025-12-15T23:43:39.949557Z",
  "avg_reward": 0.75,
  "weights": {
    "task_7830": 0.54,
    "improve": 0.6080000000000001,
    "task_235": 0.54
  }
}