{
  "ts": "2025-12-15T23:47:43.166802Z",
  "avg_reward": 0.7793032854834294,
  "weights": {
    "task_7830": 0.54,
    "improve": 0.6464000000000001,
    "task_235": 0.54,
    "task_7136": 0.5751639425801153
  }
}