{
  "timestamp": 1762196938,
  "ok": true,
  "tests": {
    "superposition": {
      "ok": true,
      "engine": "Quantum_Simulator_Wrapper",
      "mode": "simulate",
      "probabilities": {
        "00": 0.24853515625,
        "01": 0.255859375,
        "10": 0.23974609375,
        "11": 0.255859375
      },
      "shots": 2048
    },
    "superposition_ok": true,
    "entanglement": {
      "ok": true,
      "engine": "Quantum_Simulator_Wrapper",
      "mode": "simulate",
      "probabilities": {
        "00": 0.0,
        "01": 0.49853515625,
        "10": 0.0,
        "11": 0.50146484375
      },
      "shots": 2048
    },
    "entanglement_ok": true,
    "contextual": {
      "outs": [
        [
          1.0,
          0.0,
          0.0,
          0.0
        ],
        [
          0.50146484375,
          0.0,
          0.49853515625,
          0.0
        ],
        [
          0.48681640625,
          0.51318359375,
          0.0,
          0.0
        ]
      ],
      "pairs_l1": [
        {
          "pair": [
            0,
            1
          ],
          "l1": 0.9970703125
        },
        {
          "pair": [
            0,
            2
          ],
          "l1": 1.0263671875
        },
        {
          "pair": [
            1,
            2
          ],
          "l1": 1.0263671875
        }
      ]
    },
    "contextual_ok": true,
    "creativity": {
      "r1": {
        "ok": true,
        "engine": "Quantum_Simulator_Wrapper",
        "mode": "simulate",
        "logits": [
          0.08373992389638218,
          0.333506292479001
        ]
      },
      "r2": {
        "ok": true,
        "engine": "Quantum_Simulator_Wrapper",
        "mode": "simulate",
        "logits": [
          0.2524022257595896,
          0.056564086106362765
        ]
      }
    },
    "learning": {
      "ok": true,
      "engine": "Quantum_Simulator_Wrapper",
      "mode": "simulate",
      "logits": [
        0.7539792025704741,
        0.32876695822474766
      ]
    },
    "creativity_ok": true,
    "learning_ok": true
  }
}