{
  "consciousness": {
    "latest_metrics": {
      "timestamp": "2026-01-06T22:31:14.958399",
      "phi": 0.03816607425741809,
      "complexity": 2,
      "coherence": 0.0,
      "level": 0.15
    }
  }
}