{
  "gen_creativity": {
    "quality_ma": 0.8700000000000002,
    "latency_ma": 0.0
  },
  "UnifiedAGI": {
    "quality_ma": 0.8786533422942444,
    "latency_ma": 0.0,
    "calls": 367
  },
  "Scientific_Systems": {
    "quality_ma": 0.9079602730443668
  }
}