{
  "gen_creativity": {
    "quality_ma": 0.8700000000000002,
    "latency_ma": 0.0
  },
  "UnifiedAGI": {
    "quality_ma": 0.8453706126875911,
    "latency_ma": 0.0,
    "calls": 353
  },
  "Scientific_Systems": {
    "quality_ma": 0.9899999999999998
  }
}