{
  "gen_creativity": {
    "quality_ma": 0.8700000000000002,
    "latency_ma": 0.0
  },
  "UnifiedAGI": {
    "quality_ma": 0.8705562225843009,
    "latency_ma": 0.0,
    "calls": 551
  },
  "Scientific_Systems": {
    "quality_ma": 0.9760476530029889
  }
}