{
  "gen_creativity": {
    "quality_ma": 0.9449441849895359,
    "latency_ma": 0.026843545600000015
  }
}